filled_at,order_id,symbol,asset,multiplier,role,side,qty,price,notional,position_qty_after,avg_cost_after,realized_pnl,exit_reason,underlying_price,zone_color,zone_low,zone_high,confluence,score,pulse_bias,notes
2026-10-07T10:23:52-04:00,e000bf8e-2cc2-4146-9ff9-7492230c0783,SPY261007P00771000,option,100,entry,sell,1.0,0.23,23.0,-1.0,0.23,,,774.745,,,,,,,
2026-10-07T10:23:52-04:00,29470edc-a68a-4e95-8b19-5388a99eeb9f,SPY261007P00766000,option,100,entry,buy,1.0,0.04,4.0,1.0,0.04,,,774.745,,,,,,,
2026-10-07T15:40:22-04:00,3a22950b-1be1-4176-bf6d-d5debf393f63,SPY261007P00771000,option,100,exit,buy,1.0,0.02,2.0,0.0,0.0,21.0,flatten,,,,,,,,
2026-10-08T10:00:35-04:00,949e26b3-1d68-44de-98af-c447b3e9f854,SPY261008P00771000,option,100,entry,sell,1.0,0.17,17.0,-1.0,0.17,,,775.34,,,,,,,
2026-10-08T10:00:35-04:00,fe55041e-5199-4094-9425-496ffbb8dc9e,SPY261008P00766000,option,100,entry,buy,1.0,0.04,4.0,1.0,0.04,,,775.34,,,,,,,
2026-10-08T15:40:26-04:00,7139b392-b7d9-4184-a91f-3cfeb7822fd9,SPY261008P00771000,option,100,exit,buy,1.0,0.05,5.0,0.0,0.0,12.0,flatten,,,,,,,,
2026-10-08T15:40:26-04:00,f3fa0968-5980-4ee4-a9ab-7f7ee8248022,SPY261008P00766000,option,100,exit,sell,1.0,0.01,1.0,0.0,0.0,-3.0,flatten,,,,,,,,
2026-10-09T10:00:39-04:00,baefd8f5-75da-4aba-9673-f0cd67c216d3,SPY261009P00772000,option,100,entry,sell,1.0,0.2,20.0,-1.0,0.2,,,775.995,,,,,,,
2026-10-09T10:00:39-04:00,05609854-a1ac-4464-ad22-ae4e81fc5825,SPY261009P00767000,option,100,entry,buy,1.0,0.05,5.0,1.0,0.05,,,775.995,,,,,,,
2026-10-09T11:00:36-04:00,e6b74588-1c3d-46a0-8f82-a3d138ae7fed,SPY261019C00777000,option,100,entry,buy,1.0,5.25,525.0,1.0,5.25,,,777.31,red,777.51,778.2051,structure|order_blocks|volume,3.0,neutral,
